0,1,2,3,4,5,6,7,8,9,10,11,12,13,14,15
-0.08342262,-0.11918172,0.102803834,0.07003665,0.14909235,0.03470257,0.041003734,-0.0811322,-0.0886317,-0.08697291,0.022491494,-0.0048818225,-0.03541355,-0.00180111,-0.15061946,-0.083033904
0.0022773072,0.015428061,-0.004715134,0.026264386,-0.021051545,-0.02598256,-0.05248109,0.012976376,0.037917815,-0.007252025,0.012166009,-0.051313493,-0.056532312,0.059374977,0.003939019,-0.08894976
-0.066857725,-0.040923886,0.07195033,-0.049622536,0.031190561,-0.09848641,0.0791672,-0.06602737,-0.001225876,-0.07513582,0.07013409,0.06579925,0.038047243,-0.01034776,0.12671854,-0.16164237
-0.11443867,-0.052777316,-0.03781608,0.104077175,0.10016448,0.10671726,-0.03733566,0.11881947,0.018312328,-0.02237143,0.009301865,-0.016010411,0.09901965,-0.08591321,0.05126832,0.12838519
-0.025025193,0.025483763,0.067404814,0.013169035,0.03313444,-0.042763297,0.058814015,-0.06825129,0.15791424,0.010284397,-0.08510572,-0.13948298,0.06569581,0.07496467,-0.082243465,-0.022467107
-0.015183744,-0.0923216,-0.09129635,-0.11531928,-0.042166736,-0.012332447,-0.033946708,0.072949015,0.019170146,0.07541095,0.076024786,-0.08666208,0.01835569,-0.15037256,-0.12707064,-0.1429487
0.018366052,0.0754568,-0.15906651,-0.106157385,0.03474917,-0.1336758,0.15535784,0.092505924,0.11348859,0.079245865,0.00052282534,0.07146309,0.009129218,0.04760594,-0.20475353,-0.0038316336
-0.030403415,0.07850407,0.110459216,-0.0045953616,-0.0662982,0.04518479,-0.098297976,-0.0655106,0.18401778,0.034535594,0.01874089,0.082141675,0.056877792,-0.07180488,0.1139982,-0.026457228
0.10091495,0.07140444,0.010625355,0.12103886,-0.056710888,0.051357694,-0.029411552,0.013045589,0.17043643,0.24967958,-0.017701756,-0.11605756,0.024853375,0.024555225,-0.14039497,0.09131394
0.12599699,0.0033531932,-0.15649408,0.078137144,-0.08847538,0.0118166115,0.18828548,0.11595242,-0.021862203,0.031013386,0.14771746,0.15053079,-0.06633643,0.07964676,-0.058664773,-0.048903998
0.028256053,0.03920609,-0.03972753,0.15354076,-0.17015879,0.13373378,-0.17675674,0.028763494,0.14548214,-0.17034122,0.02285902,0.099090934,-0.18663348,-0.026061375,0.14157094,-0.060210343
0.0,0.0,0.0,0.0,0.0,0.0,0.0,0.0,0.0,0.0,0.0,0.0,0.0,0.0,0.0,0.0
0.062844545,-0.030796546,0.06708155,0.0777675,0.085419714,-0.10265786,0.1422714,-0.15482484,0.037905972,-0.065825105,0.026608387,-0.12261316,0.0902521,0.040043876,-0.03221035,0.056160133
-0.16328715,-0.01028147,-0.072265245,0.072446726,0.032382797,0.05726369,0.17148918,-0.14126799,0.061650913,0.025570022,-0.08671228,0.013242972,-0.09658432,-0.020792885,0.063156106,-0.015039562
0.11501701,-0.34157774,-0.14398342,0.019089388,0.03333991,0.0191099,0.059988834,-0.0032454995,0.05944709,-0.03412642,0.16408613,0.25287014,0.15275347,-0.17426375,0.04076115,-0.035988577
-0.108541735,-0.19554704,0.06923695,-0.042950228,-0.1211583,0.031306215,0.02010693,-0.008880098,0.26810223,-0.24302772,0.091509305,-0.1690307,0.11173709,-0.057003953,0.19130285,0.056494627
-0.09764473,0.03955295,-0.16541377,0.05642464,0.11540888,-0.080022804,0.00822733,-0.013374601,-0.008370275,0.060657136,0.095149696,-0.0911815,-0.04170052,0.048468273,0.07914483,0.17171344
-0.019832972,0.173542,0.025230503,0.09871052,-0.18168159,-0.18699323,-0.03920147,0.1311505,0.124597274,-0.1277528,-0.055734634,0.09782235,0.044909507,-0.11725676,-0.034407474,-0.030387275
0.12963733,-0.0090995105,0.052124925,-0.11637237,-0.07731019,0.15543982,0.12363071,0.09777584,-0.04073339,-0.07357421,0.014022515,-0.15591769,0.0101234075,0.29734695,-0.105521925,0.006942565
-0.017979914,0.14881158,0.08282383,-0.09432297,-0.025019666,-0.099719465,-0.0073405807,-0.0941992,0.04887572,0.23829462,-0.19411787,-0.054520443,0.00037121953,-0.045523934,-0.0066997926,0.045781467
-0.08214794,0.012374767,-0.022571007,0.015974132,-0.05729361,0.06716659,-0.14066276,0.18380478,0.19021444,-0.0061243307,0.049079936,0.11307474,0.20942181,0.06425228,0.04791566,-0.037017245
-0.14483248,-0.022522656,0.042259872,-0.028134696,0.0633631,-0.09313892,0.10945721,0.07321228,-0.052919142,-0.033921152,-0.10847936,0.07412875,0.067606546,0.13214235,-0.12963375,0.065669045
-0.07057258,-0.08656657,0.06034142,-0.004115577,0.0070928927,0.12293353,0.053325135,0.05336392,0.10298311,-0.13380162,-0.007871357,-0.115875594,0.018568331,-0.067345075,-0.119101025,-0.035120197
0.0038454595,-0.016345166,-0.052916385,-0.048824318,0.008578252,0.03315765,-0.059319172,-0.03788624,-0.044444177,-0.031911984,0.016397765,-0.039239455,0.02855024,-0.07466288,-0.0104396,0.03811159
0.045537114,-0.07882789,0.1399915,-0.1639329,0.039603967,0.060518563,-0.03924803,-0.009092019,0.0517426,-0.07171526,-0.050437666,-0.011990993,0.06400312,-0.045950834,0.10991084,-0.15810065
0.09437706,0.13510981,-0.1757743,0.011336046,0.029429108,0.036054265,-0.193952,-0.13316914,-0.105005234,-0.14613365,-0.024816126,0.005639342,0.18127182,-0.05590079,0.010750642,0.047242396
-0.08860033,-0.06703694,0.03713487,-0.100083604,-0.010043445,-0.013958635,-0.0127285775,-0.14849436,0.010521002,-0.043383688,0.12696354,-0.049319115,-0.020334965,0.00071463815,0.006476933,-0.05015475
0.04790828,-0.07541208,0.1297025,-0.022995822,0.024806436,-0.0053328485,-0.11739029,0.045288876,-0.109332435,0.03332031,-0.027081717,0.014759267,-0.14048791,0.09005861,-0.16380557,0.06392028
-0.03581267,0.21771914,-0.003343778,0.03624648,0.030730732,0.13262025,-0.049215853,-0.03867765,-0.06530868,-0.06179407,-0.098393224,0.09942105,-0.053698745,-0.051154613,-0.08504569,0.06165113
-0.113269866,-0.010694283,0.10274662,-0.000984337,-0.061694056,0.08565502,-0.100274794,-0.0047261366,0.040455543,-0.006514148,0.015016078,0.09839423,-0.081241876,0.08141177,0.01909097,-0.010542815
-0.21671586,-0.04345257,-0.14372802,0.13375175,0.14739303,0.049534734,0.08553089,-0.0172783,-0.038558226,-0.06158509,-0.065230496,-0.077936225,-0.0027831781,-0.069747366,-0.033172943,-0.117899254
-0.032563347,0.13464102,-0.013335594,0.020593986,-0.045052264,-0.049951814,-0.059089333,-0.121755116,0.1205094,-0.0001762905,-0.09175854,0.0034689666,0.025067858,-0.07448385,-0.023804892,0.009713988
0.012204047,-0.08466519,-0.059073612,-0.050889615,-0.052023962,-0.20225547,0.04211802,-0.05753374,-0.049370382,-0.12423136,0.06000423,-0.054504544,0.114801966,-0.002618132,-0.1333191,0.10980663
0.09772838,-0.040270504,-0.08923703,-0.067495756,0.2548032,-0.05539705,-0.13251278,-0.012947787,0.20236126,0.09403895,-0.14770985,-0.058186628,-0.038631316,0.082755275,-0.031854417,0.24295521
-0.156778,0.072643735,0.15491462,-0.1440017,0.01802741,-0.1294821,-0.16262445,0.07990083,-0.03054187,-0.051720783,0.019093307,0.091419846,-0.09271302,0.007220111,0.08712186,-0.025147572
-0.14384308,-0.07091816,-0.00297262,-0.100024305,-0.104081996,0.015378146,-0.05551595,-0.17118995,-0.01267124,0.13678749,-0.13107957,-0.09359305,0.13007344,0.030271348,-0.12390576,-0.023199873
-0.12864585,0.0074854344,0.08597669,0.16150557,-0.0759755,0.12473262,0.067987524,-0.08552801,-0.13838775,0.084586695,-0.1025534,-0.094815046,-0.008200766,0.17507914,-0.0824573,-0.0572017
0.032693498,-0.13555573,-0.10039976,0.00079965976,-0.11983608,0.095483795,-0.12480559,0.08057868,-0.080293044,-0.08418477,0.11487419,-0.0012718997,-0.050173946,0.14270632,0.1050776,-0.15085463
-0.16164479,0.016246391,-0.18321191,0.081630334,0.09195848,0.053462792,-0.2080399,-0.2299893,0.088622645,-0.0069839107,-0.026153965,-0.08258511,0.08622498,-0.0012917174,0.0744116,0.050269164
-0.07691396,-0.0847055,-0.113312565,0.0958916,0.046768405,-0.098367885,0.09585808,0.043333642,0.0046961084,-0.11142195,0.09949521,0.091565005,0.16087073,0.028102716,-0.03677838,0.07867644
0.0600907,-0.014706456,-0.10930022,0.10401599,-0.10103726,-0.06800055,0.025869295,0.043712635,0.0527055,0.049356267,0.04953778,-0.06824038,-0.06696682,0.0061282697,-0.09719866,0.034640264
0.10454252,-0.06387103,-0.104330845,0.017386092,0.036758855,-0.04105554,0.2094994,0.029093096,0.03244973,-0.0736825,0.007979842,-0.15769939,-0.045986198,0.312602,-0.09399133,0.1544428
0.032235093,0.035912685,-0.11203525,0.121361025,-0.046988267,-0.06993348,0.14870869,-0.06328739,-0.05949108,-0.0767122,-0.07658958,0.17361748,-0.1758544,-0.21126899,-0.11039539,-0.09466006
-0.062973395,0.021052843,0.03948898,-0.062025145,0.033274192,-0.05174907,0.029141245,0.06178765,-0.0859237,-0.033489674,0.011649314,-0.026193427,-0.058133133,0.10574,-0.09783494,-0.017755318
-0.09380983,0.0054360973,-0.020352412,-0.116850615,0.03852974,-0.020685812,-0.15078618,0.1038355,0.0784371,-0.036877215,0.044157833,0.12529574,0.07701811,0.05484483,-0.074100584,-0.0010776807
0.06658184,-0.035019483,0.053322595,0.13573627,-0.0022805226,0.082761966,0.06201429,-0.11068185,0.037385803,0.12836352,0.19627161,0.08108403,0.16338523,0.035669833,-0.11121396,0.12991908
-0.009236904,-0.046082877,0.004506596,-0.02592944,-0.074571595,0.071096,0.05042309,0.2188596,0.04235486,0.055158794,0.047363833,0.06001055,0.1591716,0.033162914,-0.011948246,-0.008960303
-0.023246085,0.04931141,0.027070612,0.074804544,0.10196722,0.033778686,0.096466206,-0.08769261,0.011769851,-0.063258,0.027482394,-0.11723143,-0.025655527,-0.03933567,-0.07518326,-0.06892786
-0.009276734,0.039832793,0.062339664,0.048910018,-0.01693452,-0.16783509,-0.0029910486,0.044812456,-0.063036226,-0.017695533,-0.16000344,0.20835352,0.018956047,0.109707996,0.017163109,-0.047770064
0.0,0.0,0.0,0.0,0.0,0.0,0.0,0.0,0.0,0.0,0.0,0.0,0.0,0.0,0.0,0.0
-0.04457641,0.16654567,0.04709723,0.09094136,0.05433689,0.07122571,0.11258608,0.2192467,0.14416963,0.059096027,-0.041872006,-0.12022657,0.12784292,0.054989744,-0.092213884,0.064671986
-0.07114969,-0.23754853,-0.1503734,0.07309805,0.12800758,-0.0867715,0.10293569,-0.07957742,-0.017770993,0.12889902,0.06479109,-0.12995054,-0.030822007,0.011109327,0.02530525,-0.024366695
0.006394081,-0.17637415,-0.10067,0.01623932,-0.32687756,0.16989408,-0.1469663,-0.0027865032,-0.063608505,0.07199663,-0.07985088,0.023263078,0.10325393,-0.12855284,0.017044518,0.04268158
0.0,0.0,0.0,0.0,0.0,0.0,0.0,0.0,0.0,0.0,0.0,0.0,0.0,0.0,0.0,0.0
0.079559214,-0.053589918,0.043135695,-0.005371179,-0.0053903027,0.022564067,-0.15228942,0.07888774,-0.10975868,-0.09685994,0.09915503,0.082551114,-0.013232031,-1.2272645e-05,0.14515784,-0.0024994712
0.030137142,0.07522598,0.12668258,0.019661205,-0.12423623,0.0316237,-0.104396574,-0.0077110543,-0.012836815,0.15591948,0.016315045,-0.13855958,-0.055287305,0.13874319,0.08207446,-0.12885393
0.05157564,0.10112235,0.19363362,0.05401916,-0.035809144,-0.06521666,0.06725827,0.0685025,-0.0051885364,-0.04536685,0.03626831,0.25920197,0.13993935,0.062497824,0.046863914,0.19983321
-0.030348683,0.13164835,0.15716496,0.24455178,-0.106388174,0.03204291,-0.004070965,0.12156163,0.013329431,0.08829527,0.044538446,0.07602373,0.030701578,0.08794406,0.06521551,0.16141412
0.018389221,-0.09406739,-0.050607715,0.03515772,-0.051225346,-0.06747298,-0.20950258,-0.06471869,0.0057218787,-0.023183865,-0.065730006,-0.1535509,-0.06515476,0.042397253,-0.024795787,0.004982683
0.1395967,-0.0521522,-0.052966338,-0.021347636,0.14438385,0.02237176,0.017635386,0.11968288,0.024409136,-0.0012499769,-0.06400871,0.083401546,-0.08282379,-0.0080649,0.13919014,-0.011526437
0.0,0.0,0.0,0.0,0.0,0.0,0.0,0.0,0.0,0.0,0.0,0.0,0.0,0.0,0.0,0.0
0.059717227,-0.0046074535,0.09146823,-0.13932979,-0.044568002,-0.10918366,-0.060215287,-0.047532354,-0.18456374,0.009401779,0.010721044,-0.15060179,0.07768899,-0.08442204,0.04340836,5.041681e-05
0.031771183,0.04746933,0.15744893,0.16362426,0.014991131,-0.11837937,-0.066164896,-0.01252675,0.30660644,0.072336785,-0.056725092,-0.02543278,0.14760858,-0.10564002,0.11303833,-0.02691686
-0.0050923047,-0.07621772,-0.029217757,0.1332938,-0.095104046,-0.033818655,-0.13511364,-0.014358197,0.07124398,-0.09580985,0.10462597,-0.17977947,0.16876373,-0.086413525,-0.056927692,-0.13251585
0.17468387,0.022359611,0.0772386,0.19588794,-0.09167853,-0.16325991,-0.06778858,0.012277022,0.09070188,0.039251804,0.031220205,-0.049299598,-0.3197313,-0.17073105,-0.038761593,0.0318221
-0.15294169,0.07025525,0.11633985,0.052631456,-0.054873105,-0.06926414,-0.002578589,-0.12582545,-0.12349038,-0.21655983,0.025874356,0.05617344,-0.09362339,-0.20627768,-0.05245522,0.0012820524
-0.011317231,-0.034176413,-0.026513068,-0.06610376,0.16053504,0.03192869,0.0014497435,-0.04292588,0.057587456,0.13237096,-0.105416566,-0.018850626,0.12033362,-0.0064266063,-0.116036,0.106238306
0.0,0.0,0.0,0.0,0.0,0.0,0.0,0.0,0.0,0.0,0.0,0.0,0.0,0.0,0.0,0.0
0.03072418,-0.004388786,0.027352402,-0.041024476,0.0036332882,0.06038743,-0.0051695453,-0.01700373,0.0056844316,-0.032639608,-0.0832517,-0.029763883,0.014732602,-0.06012393,0.052750923,0.08209807
0.0,0.0,0.0,0.0,0.0,0.0,0.0,0.0,0.0,0.0,0.0,0.0,0.0,0.0,0.0,0.0
-0.039821506,-0.007816643,0.08822986,0.0853251,0.089914285,0.051852334,0.17673805,-0.17101249,-0.056662988,-0.15216677,0.03732863,-0.16292506,-0.018661326,0.12864512,0.029475156,-0.027128808
0.0,0.0,0.0,0.0,0.0,0.0,0.0,0.0,0.0,0.0,0.0,0.0,0.0,0.0,0.0,0.0
0.040784314,0.12929691,0.0058283424,-0.25466323,0.13568603,0.089822255,0.08288609,0.11538489,-0.07920637,-0.10073699,0.06710114,-0.030508881,0.017543836,0.0049765245,-0.04048556,0.055943508
0.039005518,0.1500164,-0.006887804,0.05861897,0.056934323,0.07056895,-0.055730075,-0.12378364,0.05385591,-0.19851264,0.09405955,-0.063393824,0.12577932,-0.110531166,0.027627816,0.08721579
-0.0019187401,0.033660784,0.0076284586,0.1108161,-0.12916504,0.17639801,-0.24447688,0.03438962,0.03216087,-0.265304,-0.047519423,0.03613394,0.075556695,-0.019573433,0.018686425,0.041128784
-0.005711094,-0.03511645,0.050244574,0.12716155,-0.040104724,-0.015498872,-0.06674135,-0.037710913,0.017372452,-0.04325812,0.0681803,0.074049465,0.06518655,-0.076373935,0.11357976,0.07497407
0.094120495,0.030067423,-0.15720193,-0.101030245,0.044218462,0.14260744,-0.008215725,-0.049818553,0.002576283,0.020499637,-0.05804486,-0.05059919,-0.0069009806,0.06857987,0.07558324,-0.10861137
0.014704252,0.14065297,-0.041133475,0.30334613,-0.029949088,-0.008431878,-0.0026006035,-0.13062818,0.07319024,-0.060335875,0.04410993,-0.004098954,-0.03189172,0.025796322,-0.11690134,0.04087936
0.03427745,-0.11575372,0.044322792,0.050709207,-0.124799155,-0.040170755,0.043870997,-0.17713983,-0.036557265,-0.11144879,0.14376907,0.013954321,-0.07343262,-0.034751374,0.1336933,0.18470813
0.17268394,0.0358473,-0.004782092,0.07689878,-0.061351795,-0.03797311,0.03792046,-0.007233915,-0.20313805,0.06938142,-0.20406266,-0.12754019,-0.044144686,0.039421454,0.036621757,0.034360304
-0.02420942,0.08889727,-0.03572162,0.15626809,-0.009638134,0.08083076,0.13273868,0.026383681,-0.06611886,0.13743578,0.03582631,0.18571664,-0.05251065,0.035768103,0.11347102,-0.07439062
-0.10701143,0.07944795,-0.07202531,0.012120884,0.06562399,-0.012260193,-0.03337748,-0.16161162,-0.024829386,0.0054500736,0.13527867,-0.0752801,-0.017303944,0.046202023,-0.022735193,0.066268854
0.068898775,0.1387488,0.048010573,0.1467555,-0.1593624,-0.03364134,-0.10701056,-0.08205615,0.029288545,0.04741094,-0.06975057,-0.16744871,-0.12655585,0.055321306,0.021728624,-0.07875931
0.1188711,-0.16024949,-0.050448034,0.031938303,-0.07492516,0.004788761,0.07464996,0.07851253,-0.032434396,0.10959892,0.043535758,-0.1656244,0.030064475,0.03489693,-0.018093415,-0.1576481
-0.1439803,0.16547011,-0.06354826,-0.09935049,-0.16111721,0.02983652,-0.13276403,0.088110484,0.018411273,0.19289558,-0.10891306,0.15252377,0.13511167,0.0056760167,0.04696587,-0.078784235
-0.09900881,-0.046220895,-0.018566465,0.076113686,-0.005902154,0.00131127,-0.05696252,0.03528,-0.09826111,-0.0844472,0.16040765,-0.14717717,0.026801389,-0.22846308,0.0756043,-0.13732018
-0.024486145,-0.0022259941,-0.14382406,-0.05942575,-0.08834878,0.077170216,0.03522126,0.04756727,-0.0970633,-0.029896181,0.057582997,-0.17637491,0.20018631,-0.07762175,-0.038088452,0.024406798
0.09397291,-0.037245706,0.08386226,-0.06494684,-0.0018612421,-0.15865071,-0.03349589,0.13095967,-0.011138876,0.026388226,0.08081077,-0.047550064,-0.11885892,0.02844364,-0.05053283,-0.03859624
-0.054665968,0.08860341,0.15544586,-0.060169723,-0.09387417,-0.084344044,-0.060060553,0.33771077,-0.026837666,0.058744777,0.18725967,0.08630906,-0.117082275,-0.037064698,-0.003659163,-0.07582832
0.012726581,-0.026137402,-0.048253298,-0.12374908,0.034979455,-0.033867132,0.11700584,-0.05570161,-0.058268934,0.0063305935,0.0141000245,-0.006225664,-0.059224106,0.07285866,-0.20105967,0.21510828
0.073031664,0.06426833,-0.21602944,-0.16255216,0.029776009,0.20427057,0.06233371,0.054235604,-0.04085452,-0.120186105,0.11065259,0.08166061,0.06846263,-0.09397404,0.09165605,-0.068647906
0.0,0.0,0.0,0.0,0.0,0.0,0.0,0.0,0.0,0.0,0.0,0.0,0.0,0.0,0.0,0.0
-0.067933924,-0.02292448,-0.03949394,0.08181874,-0.12889495,0.11145615,0.051948536,0.027884532,0.08475582,0.025412101,-0.025894988,-0.0881461,0.051274754,0.24703135,-0.04789789,-0.0674035
0.13484837,-0.00048381014,-0.101086356,-0.06752722,-0.027480897,0.058212332,-0.07317149,-0.071634375,0.24592248,-0.14405257,0.15126477,-0.16162618,0.0058925366,0.21009898,-0.121911034,-0.037614822
0.05340406,-0.14487597,-0.06346041,-0.076851085,0.055938423,-0.013733344,0.048999637,0.078108385,0.089434534,-0.05556851,-0.07382403,0.049350876,-0.12650196,-0.05896168,0.035412535,0.062295638
0.10117719,-0.23634838,-0.059414074,0.006807901,-0.1321234,0.033973128,-0.06322727,0.029137691,-0.090452276,0.034175858,0.013386873,-0.08034786,-0.013886571,0.13377702,-0.11841071,-0.042970706
-0.07784792,-0.09999458,0.07955951,0.04319367,0.20256145,-0.08787632,0.09864566,-0.066090785,-0.0026388483,-0.06664166,0.17763913,-0.044881508,0.12087175,-0.11523584,0.06983499,-0.05355124
-0.042535227,-0.009601809,0.081115566,-0.07693269,-0.08816214,-0.11024175,-0.05060499,0.028693605,-0.030331168,-0.036686104,0.014761496,-0.025089005,-0.11020546,0.07663477,0.058089606,0.04782528
-0.08499479,0.010950583,-0.031907238,0.08937278,0.14089218,-0.10486074,0.05590795,-0.14635728,0.028603544,0.1598148,0.14728555,0.02799461,-0.0010128149,0.13580057,0.23396961,0.09050114
0.08604558,0.14880429,0.04618302,-0.013286442,0.08274752,0.04725463,0.25457248,0.044672493,0.13053362,-0.02950186,-0.034412768,-0.14145884,0.1305929,-0.03013717,0.08891154,0.07511684
