id,name,city_name,latitude,longitude
003984d8-7c2b-5bbb-a6bb-46cb18968a00,LongSon MuiNe Backpacker Paradise,Bình Thuận,10.969918,108.338934
003c01f9-0ac3-508d-98ca-e84ed3326745,Tac Gong Temple,Sóc Trăng,9.510512,105.9414
003c4d6b-582c-57e9-8962-86ab09462b27,Nhà Hàng Tutuda - Nướng & Lẩu,Khánh Hòa,12.217843,109.197572
003d49aa-acbf-521e-a33b-0df5ae158ca8,East Garden Restaurant,Khánh Hòa,12.238623,109.195017
00e7de4b-ba0b-503f-b266-c2b741a254bd,Khanh Hoa Hotel,Phú Yên,13.102173,109.307924
003f6b84-4775-56ee-976d-70cd5cad8d7c,O Mai - Bún & Bánh Canh,Huế,16.445941,107.585294
00403281-62ed-5643-9cca-8a29a2ab6444,Mẹ Bo - Phạm Thế Hiển,Cần Thơ,10.04037,105.755209
00407c42-1157-5b84-a78b-32c58d406bd2,Sông Đa Nhim,Lâm Đồng,11.74598,108.428685
00425127-af9d-5774-bd6d-3dd0f50a0a98,Cho Thuê Xe Tự Lái,Quảng Trị,21.284909,106.199758
00433846-988c-58fc-b93d-3f9eefc4ffe7,Beer Garden Restaurant - Ẩm Thực 3 Miền,Quảng Trị,16.698312,106.878216
0044f872-a023-5845-9d3b-0e3ecd52cadf,"Con Bò Cười - Beefsteak, Mỳ Ý & Cơm Chiên",Bình Dương,10.897853,106.698447
0049f132-dc25-52b1-8e48-92a78eb42995,Vịt Chiên Thảo Mộc - Ngầu Ký,Thành phố Hồ Chí Minh,10.775769,106.674154
004ac3c7-7eb8-5e24-a4ca-3918fcb1f277,Quán Đậu - Món Ngon Buôn Ma Thuột,Đắk Lắk,12.68313,108.039355
004bf4d4-e500-5cf3-a8bc-49a093d2c4a3,La Nueva Boutique Hotel Hanoi,Hà Nội,21.03159,105.85497
004d99fa-c755-5c19-b4e5-e7adbfb064eb,Cơm Cuộn Bà Tư,Phú Yên,13.087964,109.304716
004e39e8-2a22-517b-beb7-550c29caa5e6,Tào Phớ & Nem Chua Rán - Đại Từ,Hà Nội,20.971144,105.833827
0050061b-54dd-5e32-a057-455777fa8e34,Momo B14.03 Homestay,Đà Nẵng,16.062542,108.210156
00501746-1283-571c-9ea7-3b633caaf9f6,Iris - Karaoke & Bar,Hải Phòng,20.83243,106.702363
005108ee-090b-553c-91ec-645715391a68,Tiệm Bánh Gia Bảo - Lê Công Thanh,Hà Nam,20.534274,105.918498
0051d8fd-2f41-57bf-89cf-bf8ec7695bb1,Sơn Ca Karaoke,Bắc Ninh,21.121286,105.972342
0056b9fd-6237-57fe-8eec-58b0e643a071,Bánh Mì Nướng Muối Ớt Ku Tủn - Nguyễn Văn Cừ Nối Dài,Cần Thơ,10.030679,105.75198
0056fbb3-cab9-5f55-ae19-5616d58277ae,Herbstory - Sản Phẩm Chăm Sóc Da Từ Thiên Nhiên,Thành phố Hồ Chí Minh,10.805673,106.716849
005919d1-9760-5479-8c40-11ba0bf4874d,Bạch Dương Spa - Sài Đồng,Hà Nội,21.033338,105.910579
005a02f4-a771-52fa-8cdd-344924aa0693,Milano Coffee - Nguyễn Công Trứ,Lâm Đồng,11.956524,108.437862
005b152a-bbc9-51d5-9d43-5dc2fa0ab400,Linh Hương - Bún Đậu Mẹt,Hà Nội,21.003695,105.835568
005b6660-beef-5596-80db-f528e06f7160,Đà Lạt Milk,Nghệ An,18.677123,105.680401
0060431a-27ac-5c4f-9031-ae2eb64caab3,Lẩu & Nướng Số 4,Khánh Hòa,12.214749,109.192036
00649184-c2b7-576b-9fe1-470cab7811f1,Chùa Rum Đuôl,Trà Vinh,9.643689,106.334753
0068d698-abdd-54db-b5c8-62a913a52017,Thiên Trù Temple,Hà Nội,20.620447,105.74968
006b78da-67ce-508e-bfbd-ff4cab129d8e,XXI The Homestay,Ninh Bình,20.226847,106.029881
006e03d7-530d-59d9-9742-dd3b2d34a5aa,Đền thờ Vua Hùng,Thành phố Hồ Chí Minh,10.787232,106.70567
007094c6-c763-5b92-b8f2-a354c8be5e23,Bãi biển Nha Trang,Khánh Hòa,12.236339,109.197853
0071f60e-7045-5aa8-add5-8f9485f9c593,Huơng Quê - Bánh Mì,Kiên Giang,9.991698,105.090145
00743c8a-8a78-5034-8084-6fe324a256aa,Cây Còng Cô Đơn,Bến Tre,10.076874,106.640441
00752d6b-a717-5984-9c4c-536f1c2c2529,Ăn Vặt Quân Chiên - Thực Phẩm Đông Lạnh - Bùi Trọng Nghĩa,Đồng Nai,10.982951,106.856537
00762693-def1-5039-8c1a-2a25cc3eaf5e,Asia Island Glamping & Event,Thành phố Hồ Chí Minh,10.809998,106.87676
00762fca-111a-530a-a02d-5ea1ea922f48,Phố Ăn Vặt Đại Học Sư Phạm,Thái Nguyên,21.598899,105.824215
007955d9-4110-55cf-a483-835a954a8190,Me Coffee - Xưởng Rang Xay Cafe,Đà Nẵng,16.046827,108.235105
00797bff-c753-57d0-ad7d-30313f4cadf6,Tiệm Cơm Phú Lai - Trương Quyền,Tây Ninh,11.314864,106.087944
00799c13-6213-516e-92f4-0e32096fc5f9,BBQ 123 Dzô - Lẩu & Hải Sản,Lâm Đồng,11.942409,108.43266
007aa44e-78c9-5a6a-8b58-7fbdb28e62c7,Hủ Tiếu Anh Mông,Phú Yên,13.087212,109.309256
007b51e0-ca1e-57d7-b88f-60b3ade6ddaf,Big Love - Coffee & Tea,Quảng Ninh,20.97107,107.017641
007bccd6-8cfa-55e3-8918-2e494f1a39c0,Luicie spa dưỡng sinh,Khánh Hòa,12.258051,109.166583
007cac9b-7403-537b-8767-74d9f05655e7,Rome Hostel,Phú Yên,13.10115,109.310248
007eca89-039a-5ad3-b835-c6dd045527e0,Sân Vận Động Bộ Công An,Hà Nội,20.970297,105.819696
007f86ad-a667-51ba-88e1-c188065b9b6c,QaMi Hotel,Đà Nẵng,16.067706,108.241151
007fc226-f296-5f52-810d-fa81de39afe8,Bún Đậu Vàng - Sông Hậu,Cần Thơ,10.043374,105.790695
007fc895-f2df-5c8d-a5a0-1a92ace91183,Shop Coffee,Hòa Bình,20.818899,105.337152
00801453-67fa-5c50-a133-dae44e12c829,Food Tea - Trà Sữa & Ăn Vặt,Bình Dương,10.874941,106.753069
00803048-ec27-5a40-bcef-451d3a4f4e8c,Gà Rán KFC - Trịnh Văn Cấn - Nguyễn Thái Học,Thành phố Hồ Chí Minh,10.767343,106.696404
0080c4a7-7af2-570a-83b1-3fcadd5aec1d,Hen Yoga,Kiên Giang,10.198719,103.970412
00828346-5ba1-5722-84f0-c3a53394ce84,Bảo tàng Lâm Đồng,Lâm Đồng,11.940465,108.459891
0082ab3e-4051-5dd7-b9b3-8671a579a3ac,Hoa Nam - Phở & Lẩu Bò,Tiền Giang,10.35692,106.680604
008532ea-5efa-5d13-a6e5-efe3fce35110,Bún Cua - Hẻm 38 Trần Việt Châu,Cần Thơ,10.049404,105.773894
0086721e-cfdc-520b-8ccb-2b91d7f51867,Vũng Tàu Garden City Homestay,Vũng Tàu,10.354286,107.071867
0086da40-9e93-5fcc-a4a5-a5102c4db30f,"Rừng Tỉnh Đội, Cầu Sóc Triết",An Giang,10.361082,105.068024
008720f9-c287-5832-a8e5-e1595da000f6,Lake View Quy Nhon Hotel,Bình Định,13.781307,109.232939
0087236d-9a1b-5099-af4f-75d4c9bd7c1d,Mai Gia Quán - Bún Đậu Mắm Tôm & Bánh Cuốn Nóng,Quảng Ninh,21.066213,107.424925
0087c38e-87b5-532a-a40a-f41d38226e9d,Lam Coffee,Bến Tre,10.240024,106.376048
0088486e-3793-5fcf-babc-32c670eea692,Lẩu Nướng Cầu Lim,Quảng Ninh,21.058636,106.592227
008be4b6-c47e-5cfd-ba15-1d55856af65c,Quán Bún Điểm Tâm,Quảng Nam,15.566736,108.483483
008cfa17-8b10-5f92-9156-65d9af252371,Bảo tàng Khởi nghĩa Ba Tơ,Quảng Ngãi,14.764187,108.730735
008e1053-336e-505d-98f0-e0480c1b2195,Nâu Food - Thức Ăn Nhanh - Tôn Thất Thuyết,Thành phố Hồ Chí Minh,10.753623,106.707376
008eaf9e-5f2f-5950-a8fd-cd2c936f2233,Đuc Anh HoTel 2,Vũng Tàu,10.376574,107.113208
008ec81e-3e08-5c9f-b80d-c4ec7a64517b,Cô Hậu - Cháo Trắng Lá Dứa,Huế,16.477062,107.58965
0091a4d1-97ee-5de9-985d-1f6b030ebf57,Lotte Cinema - Hội An,Quảng Nam,15.917404,108.331306
00925cb8-73f6-5834-a606-342c70394ecc,DQua Hotel,Khánh Hòa,12.251401,109.19252
0092db5b-62f5-5cac-afe3-c516a3099382,Bánh Canh Thố Đất - Bếp Nhà Hằng,Khánh Hòa,12.288575,109.200459
009363d0-82ab-580c-b195-2a20425a198b,Cơm Gà Ta A Tài - Trần Nhật Duật,Khánh Hòa,12.237742,109.18541
00969696-5583-5c23-9ae2-a0143fc0a252,Chè Xoa Xoa,Đà Nẵng,16.065857,108.218368
0097f23b-870d-5b7d-9945-000d09268bdf,Gà Tần Mai Hương - Hàng Cót,Hà Nội,21.039232,105.847208
009a8949-988e-53da-b6f3-a1f9951eac0a,Khu du lịch sinh thái (Suối Đá Bàn),Kiên Giang,10.245446,104.027033
009b0d2f-0779-5823-909a-b9e97ffaaefc,Bánh Xèo Bà Anh,Lào Cai,22.488251,103.971212
009c2356-5e98-53be-ad49-d31db8d0cef4,Bò Né Bốn Triệu,Đắk Lắk,12.680818,108.044255
009c32e3-8360-52d2-9ea9-5a8336cdb80b,Kanu Karaoke - Hùng Vương,Bình Thuận,10.939338,108.108918
009cb600-2803-5ca9-b0ac-2ea572fea661,Tu Lien Pagoda,Hà Nội,21.06449,105.829524
009d3401-14ea-5f90-89db-9277829b4aed,"Gỏi Cuốn, Bún Thịt Xào & Chuối Xào",Tiền Giang,10.361994,106.367077
009e307a-72fb-5a89-8778-2ba3dd0759d5,Ale Nha Trang Hotel,Khánh Hòa,12.237516,109.194187
00a0e684-569c-56b8-a589-ec9de8f31fa8,"Bao Fam - Bánh Bao Kẹp, Cơm & Mỳ Miến",Đà Nẵng,16.045347,108.209295
00a0fef6-80d4-58d6-824c-fd878591010d,Hồ Thủy Điện Na Hang,Tuyên Quang,22.368794,105.399176
00a1d886-bdf7-45f0-b85e-b7105716c1e0,Cơm tấm Bụi Sài Gòn,Thành phố Hồ Chí Minh,10.7756,106.6991
00a36917-c4c6-5388-bfc9-cbebba516997,Ốc Nóng & Trứng Cút Lộn - Thụy Khuê,Hà Nội,21.042343,105.82454
00a43d82-7b32-5b1d-87a0-008c6715bd79,Hội Thánh Tin Lành LONG XUYÊN,An Giang,10.380644,105.440965
00a4a50a-5258-5638-864c-08b1a798b02e,Sinh Tố Thuận Lợi,Đồng Nai,10.950356,106.817885
00a522a1-39f4-5b7b-b524-9d237f398766,Canada Coffee & Wedding House,Lâm Đồng,11.738194,108.37564
00a7c41a-8a71-5b90-ab9e-f961d5d8b173,Lươn Xứ Nghệ - Cốm Vòng,Hà Nội,21.031327,105.7854
00a86db9-a699-5386-9117-73b82c7e7c3c,May Hostel,Hải Phòng,20.859004,106.6841
00aa0ba5-b934-534c-be5f-f4f57756d91c,"Cô Na Quán - Bánh Canh, Bánh Đa Cá Rô & Cơm Gia Đình",Lâm Đồng,11.944158,108.440734
00abcdc0-a570-5976-ad0e-92edebfa9fb4,Diễm My - Kimpap & Ăn Vặt,Cần Thơ,10.039374,105.78472
00b008b9-b45d-5949-be42-8ba7e3750a44,Hidden Mansions Saigon Resort,Thành phố Hồ Chí Minh,10.857253,106.699105
00b009f2-d013-56b6-b50e-06fdfa78bb52,"Hai Ả - Homestay, Cafe & Bakery",Lâm Đồng,11.94654,108.48974
00b159e5-9a9e-5e11-9854-92196833783e,Bảo tàng Chiến thắng B-52,Hà Nội,21.035024,105.826167
00b2d1f3-6fa5-5a87-bf88-df7ea79f2922,Fun Island Nha Trang,Khánh Hòa,12.272523,109.203593
00b3de6f-7d7f-5131-a3e1-5dd8402c976d,Cháo 37 - Hào Nam,Hà Nội,21.023576,105.826945
00b5735e-e111-5989-adc3-2a1a26c8c665,Hello Vietnam Coffee & Cake,Vũng Tàu,10.363767,107.080145
00b5a0c8-8c1e-5ea4-8844-332d513f6035,Chang Coffee & Homestay Kon Tum,Kon Tum,14.356749,108.013064
00b5cc02-a831-50d8-86b9-9e1980c81975,Cơm Việt Nam Bắc Thành,Thanh Hóa,19.810433,105.776575
00b6e666-533c-5f88-9879-7cb1dde75117,Nàng Thơ Massage,Long An,10.545936,106.399535
00b701ae-6ebc-5b3d-8350-568a8ed46259,Chè Thái Huy Trần,Nam Định,20.431536,106.172921
00b7ac8c-79a5-5783-a6e0-21409f0d254d,Bến Sông Trăng Cafe,Kon Tum,14.345447,108.000728
